titre,date_debut,date_fin,type,service_publieur,lien
"Horaire spécial pour les patinoires extérieures, arrondissement de Pierrefonds-Roxboro",2024-02-09T14:03:51.157000,2024-06-08T15:03:51.157000,"Parcs et bâtiments municipaux","Services des communications","https://montreal.ca/alertes/horaire-special-pour-les-patinoires-exterieures-arrondissement-de-pierrefondsroxboro-20240209090652"
"TRAVAUX ANNULÉS – Possibilité de coupure d'eau – Entre le 4955 et le 5245 chemin de la Côte-Saint-Luc – CDN/NDG",2024-02-09T14:14:06.475000,2024-06-08T15:14:06.475000,"Eau et aqueduc","Services des communications","https://montreal.ca/alertes/travaux-annules-possibilite-de-coupure-deau-entre-le-4955-et-le-5245-chemin-de-la-cotesaintluc-cdnndg-20240209091525"
"Fermeture à ‌la‌ ‌circulation sur la rue De La Gauchetière, entre les rues De Bleury et de la côte du Beaver Hal, Ville-Marie",2024-02-09T15:51:10.041000,2024-06-08T16:51:10.041000,"Circulation et transport","Services des communications","https://montreal.ca/alertes/fermeture-a-la-circulation-sur-la-rue-de-la-gauchetiere-entre-les-rues-de-bleury-et-de-la-cote-du-beaver-hal-villemarie-20240209105244"
"Fermeture de la circulation – Place Lucy, entre le boulevard Décarie et l'avenue Coolbrook, le 10/02/2024, arrondissement de CDN-NDG",2024-02-09T15:55:24.418000,2024-06-08T16:55:24.418000,"Circulation et transport","Services des communications","https://montreal.ca/alertes/fermeture-de-la-circulation-place-lucy-entre-le-boulevard-decarie-et-lavenue-coolbrook-le-10022024-arrondissement-de-cdnndg-20240209105647"
"Fermeture à ‌la‌ ‌circulation sur la rue Notre-Dame, entre les 28e et 29e Avenues, Lachine",2024-02-09T16:03:02.642000,2024-06-08T17:03:02.642000,"Circulation et transport","Services des communications","https://montreal.ca/alertes/fermeture-a-la-circulation-sur-la-rue-notredame-entre-les-28e-et-29e-avenues-lachine-20240209110400"
"Fermeture à ‌la‌ ‌circulation sur la rue Piché et sur les 15e et 16e Avenues, Lachine",2024-02-09T16:13:25.201000,2024-06-08T17:13:25.201000,"Circulation et transport","Services des communications","https://montreal.ca/alertes/fermeture-a-la-circulation-sur-la-rue-piche-et-sur-les-15e-et-16e-avenues-lachine-20240209111432"
"Fermeture à ‌la‌ ‌circulation sur les rues Sainte-Catherine Ouest et Metcalfe, arrondissement de Ville-Marie",2024-02-09T16:18:26.054000,2024-06-08T17:18:26.054000,"Circulation et transport","Services des communications","https://montreal.ca/alertes/fermeture-a-la-circulation-sur-les-rues-saintecatherine-ouest-et-metcalfe-arrondissement-de-villemarie-20240209112959"
"MISE À JOUR - Fermeture à ‌la‌ ‌circulation sur l'avenue du Mont-Royal et sur la rue Saint-André, Le Plateau-Mont-Royal",2024-02-07T19:14:49.052000,2024-06-06T20:14:49.052000,"Circulation et transport","Services des communications","https://montreal.ca/alertes/mise-a-jour-fermeture-a-la-circulation-sur-lavenue-du-montroyal-et-sur-la-rue-saintandre-le-plateaumontroyal-20240207141759"
"Avis d’interruption d’eau – Boulevard Rosemont – Arrondissement de Rosemont-La Petite-Patrie ",2024-02-09T19:42:01.958000,2024-06-08T20:42:01.958000,"Eau et aqueduc","Services des communications","https://montreal.ca/alertes/avis-dinterruption-deau-boulevard-rosemont-arrondissement-de-rosemontla-petitepatrie--20240209145801"
"Coupure d'eau – Sur les avenues MacMahon et Somerled, arrondissement de Côte-des-Neiges–Notre-Dame-de-Grâce",2024-02-10T21:03:03.332000,2024-06-09T22:03:03.332000,"Eau et aqueduc","Services des communications","https://montreal.ca/alertes/coupure-deau-sur-les-avenues-macmahon-et-somerled-arrondissement-de-cotedesneigesnotredamedegrace-20240210160714"
"Possibilité d’eau colorée – Arrondissement d’Anjou",2024-02-09T15:10:40.893000,2024-06-08T16:10:40.893000,"Eau et aqueduc","Services des communications","https://montreal.ca/alertes/possibilite-deau-coloree-arrondissement-danjou-20240211100115"
"Fermeture du service de prêt de matériel d'Hiver-O-Parc  – 11/02/2024  – arrondissement de Villeray–Saint-Michel–Parc-Extension ",2024-02-11T15:28:24.497000,2024-06-10T16:28:24.497000,"Parcs et bâtiments municipaux","Services des communications","https://montreal.ca/alertes/fermeture-du-service-de-pret-de-materiel-dhiveroparc-11022024-arrondissement-de-villeraysaintmichelparcextension--20240211103026"
"Possibilité de baisse de la pression de l'eau – Arrondissement de Rivière-des-Prairies–Pointe-aux-Trembles ",2024-02-11T15:09:32.443000,2024-06-10T16:09:32.443000,"Eau et aqueduc","Services des communications","https://montreal.ca/alertes/possibilite-de-baisse-de-la-pression-de-leau-arrondissement-de-rivieredesprairiespointeauxtrembles--20240211101945"
"Horaire spécial pour le Centre aquatique de Rivière-des-Prairies, le 11/02/2024, arrondissement de Rivière-des-Prairies—Pointe-aux-Trembles",2024-02-11T20:46:31.951000,2024-06-10T21:46:31.951000,"Parcs et bâtiments municipaux","Services des communications","https://montreal.ca/alertes/horaire-special-pour-le-centre-aquatique-de-rivieredesprairies-le-11022024-arrondissement-de-rivieredesprairiespointeauxtrembles-20240211154838"
"Fermeture de la circulation – Avenue de Chester entre la rue West Broadway et l'avenue O'Bryan, Côte-des-Neiges–Notre-Dame-de-Grâce",2024-02-11T21:10:59.188000,2024-06-10T22:10:59.188000,"Circulation et transport","Services des communications","https://montreal.ca/alertes/fermeture-de-la-circulation-avenue-de-chester-entre-la-rue-west-broadway-et-lavenue-obryan-cotedesneigesnotredamedegrace-20240211161522"
"Coupure d'eau – Avenue de Chester, avenue O'Bryan et rue West Broadway, arrondissement de Côte-des-Neiges–Notre-Dame-de-Grâce",2024-02-11T21:34:03.512000,2024-06-10T22:34:03.512000,"Eau et aqueduc","Services des communications","https://montreal.ca/alertes/coupure-deau-avenue-de-chester-avenue-obryan-et-rue-west-broadway-arrondissement-de-cotedesneigesnotredamedegrace-20240211165547"
"Coupure d'eau – 13/02/2024 – Avenue de Chester, avenue O'Bryan et rue West Broadway, arrondissement de Côte-des-Neiges–Notre-Dame-de-Grâce",2024-02-11T22:11:37.219000,2024-06-10T23:11:37.219000,"Eau et aqueduc","Services des communications","https://montreal.ca/alertes/coupure-deau-13022024-avenue-de-chester-avenue-obryan-et-rue-west-broadway-arrondissement-de-cotedesneigesnotredamedegrace-20240211172131"
"Fermeture de la circulation – Rue Wellington, entre les rues de l'Église et Hickson, le 12/02/2024, arrondissement de Verdun",2024-02-05T14:25:07.100000,2024-06-04T15:25:07.100000,"Circulation et transport","Services des communications","https://montreal.ca/alertes/fermeture-de-la-circulation-rue-wellington-entre-les-rues-de-leglise-et-hickson-le-12022024-arrondissement-de-verdun-20240211194320"
"Coupure d'eau – Boulevard Gouin, entre les 49e et 55e Avenue et les environs – Arrondissement de Rivière-des-Prairies–Pointe-aux-Trembles",2024-02-12T14:17:02.292000,2024-06-11T15:17:02.292000,"Eau et aqueduc","Services des communications","https://montreal.ca/alertes/coupure-deau-boulevard-gouin-entre-les-49e-et-55e-avenue-et-les-environs-arrondissement-de-rivieredesprairiespointeauxtrembles-20240212093713"
"Fin de l'avis préventif d’ébullition de l’eau – Rues du Laus, de Domrémy, Lavergne et Jean-Nicolet – Arrondissement de Saint-Léonard",2024-02-12T15:23:28.820000,2024-06-11T16:23:28.820000,"Urgence","Services des communications","https://montreal.ca/alertes/fin-de-lavis-preventif-debullition-de-leau-rues-du-laus-de-domremy-lavergne-et-jeannicolet-arrondissement-de-saintleonard-20240212104142"
"Fermeture à ‌la‌ ‌circulation sur la rue Hurteau, entre les rues Jolicoeur et Jacques-Hertel, Le Sud-Ouest",2024-02-12T15:42:36.449000,2024-06-11T16:42:36.449000,"Circulation et transport","Services des communications","https://montreal.ca/alertes/fermeture-a-la-circulation-sur-la-rue-hurteau-entre-les-rues-jolicoeur-et-jacqueshertel-le-sudouest-20240212104410"
"Fermeture de la circulation – Avenue Blanchard, entre les rues Vinet et du Dominion, arrondissement du Sud-Ouest",2024-02-12T15:46:26.214000,2024-06-11T16:46:26.214000,"Circulation et transport","Services des communications","https://montreal.ca/alertes/fermeture-de-la-circulation-avenue-blanchard-entre-les-rues-vinet-et-du-dominion-arrondissement-du-sudouest-20240212105611"
"Coupure d'eau – Avenue  De La Vérendrye entre l'avenue Rondeau et l'avenue Lévesque, arrondissement d'Anjou",2024-02-12T18:35:13.958000,2024-06-11T19:35:13.958000,"Eau et aqueduc","Services des communications","https://montreal.ca/alertes/coupure-deau-avenue-de-la-verendrye-entre-lavenue-rondeau-et-lavenue-levesque-arrondissement-danjou-20240212133902"
"Entrave à la circulation – Avenue De La Vérendrye entre l'avenue Rondeau et l'avenue Lévesque, arrondissement d'Anjou",2024-02-12T18:44:34.864000,2024-06-11T19:44:34.864000,"Circulation et transport","Services des communications","https://montreal.ca/alertes/entrave-a-la-circulation-avenue-de-la-verendrye-entre-lavenue-rondeau-et-lavenue-levesque-arrondissement-danjou-20240212134609"
"MISE À JOUR  – Fermeture de la circulation – Av. de Chester entre la rue West Broadway et l'av. O'Bryan, Côte-des-Neiges–Notre-Dame-de-Grâce",2024-02-12T18:59:11.844000,2024-06-11T19:59:11.844000,"Circulation et transport","Services des communications","https://montreal.ca/alertes/mise-a-jour-fermeture-de-la-circulation-av-de-chester-entre-la-rue-west-broadway-et-lav-obryan-cotedesneigesnotredamedegrace-20240212140314"
"Fermeture de la circulation – Rue Wellington, entre les rues Galt et Hickson, le 12/02/2024, arrondissement de Verdun",2024-02-13T14:53:08.787000,2024-06-12T15:53:08.787000,"Circulation et transport","Services des communications","https://montreal.ca/alertes/fermeture-de-la-circulation-rue-wellington-entre-les-rues-galt-et-hickson-le-12022024-arrondissement-de-verdun-20240213100006"
"Horaire spécial pour la piscine Saint-Henri, le 14/02/2024, arrondissement du Sud-Ouest",2024-02-13T15:05:40.584000,2024-06-12T16:05:40.584000,"Parcs et bâtiments municipaux","Services des communications","https://montreal.ca/alertes/horaire-special-pour-la-piscine-sainthenri-le-14022024-arrondissement-du-sudouest-20240213100821"
"Entraves à ‌la‌ ‌circulation sur la 13e Avenue et la rue Sherbrooke, Lachine",2024-02-13T15:10:46.579000,2024-06-12T16:10:46.579000,"Circulation et transport","Services des communications","https://montreal.ca/alertes/entraves-a-la-circulation-sur-la-13e-avenue-et-la-rue-sherbrooke-lachine-20240213101555"
"Coupure d'eau – Boulevard Gouin et 52e Avenue – Arrondissement de Rivière-des-Prairies–Pointe-aux-Trembles",2024-02-13T15:29:45.571000,2024-06-12T16:29:45.571000,"Eau et aqueduc","Services des communications","https://montreal.ca/alertes/coupure-deau-boulevard-gouin-et-52e-avenue-arrondissement-de-rivieredesprairiespointeauxtrembles-20240213103713"
"Coupure d'eau – Rues Belherbe, De Seigne et Giffard, arrondissement de arrondissement de Saint-Léonard",2024-02-13T16:32:32.945000,2024-06-12T17:32:32.945000,"Eau et aqueduc","Services des communications","https://montreal.ca/alertes/coupure-deau-rues-belherbe-de-seigne-et-giffard-arrondissement-de-arrondissement-de-saintleonard-20240213114240"
"Fermeture de la circulation – Boulevard de l'Île-des-Sœurs, entre les rues Hall et De Gaspé – Direction nord, arrondissement de Verdun",2024-02-13T19:46:58.709000,2024-06-12T20:46:58.709000,"Circulation et transport","Services des communications","https://montreal.ca/alertes/fermeture-de-la-circulation-boulevard-de-liledessoeurs-entre-les-rues-hall-et-de-gaspe-direction-nord-arrondissement-de-verdun-20240213145839"
"Fermeture de la circulation – Chemin de la Côte-Saint-Antoine, entre les avenues Draper et Royal, Côte-des-Neiges–Notre-Dame-de-Grâce",2024-02-13T20:12:11.476000,2024-06-12T21:12:11.476000,"Circulation et transport","Services des communications","https://montreal.ca/alertes/fermeture-de-la-circulation-chemin-de-la-cotesaintantoine-entre-les-avenues-draper-et-royal-cotedesneigesnotredamedegrace-20240213151721"
"Fermeture de la circulation – Avenue Coolbrook, entre le chemin Queen-Mary et l'avenue Isabella, Côte-des-Neiges–Notre-Dame-de-Grâce",2024-02-14T17:06:40.176000,2024-06-13T18:06:40.176000,"Circulation et transport","Services des communications","https://montreal.ca/alertes/fermeture-de-la-circulation-avenue-coolbrook-entre-le-chemin-queenmary-et-lavenue-isabella-cotedesneigesnotredamedegrace-20240214121102"
"Coupure d'eau – Avenue Coolbrook et avenue Isabella, arrondissement de Côte-des-Neiges–Notre-Dame-de-Grâce",2024-02-14T17:20:02.013000,2024-06-13T18:20:02.013000,"Eau et aqueduc","Services des communications","https://montreal.ca/alertes/coupure-deau-avenue-coolbrook-et-avenue-isabella-arrondissement-de-cotedesneigesnotredamedegrace-20240214122543"
"Coupure d'eau – Rue Narbonne et la rue Volta, le 14/02/2024, arrondissement de Saint-Léonard",2024-02-14T17:40:13.274000,2024-06-13T18:40:13.274000,"Eau et aqueduc","Services des communications","https://montreal.ca/alertes/coupure-deau-rue-narbonne-et-la-rue-volta-le-14022024-arrondissement-de-saintleonard-20240214124501"
"Fermeture de la circulation – Rue Sainte-Catherine Est, entre les rues Sanguinet et Saint-Denis – Arrondissement de Ville-Marie",2024-02-14T20:50:42.477000,2024-06-13T21:50:42.477000,"Circulation et transport","Services des communications","https://montreal.ca/alertes/fermeture-de-la-circulation-rue-saintecatherine-est-entre-les-rues-sanguinet-et-saintdenis-arrondissement-de-villemarie-20240214160940"
"MISE À JOUR Fermeture de la circulation – Rue Sainte-Catherine Est, entre les rues Sanguinet et Saint-Denis – Arrondissement de Ville-Marie",2024-02-15T13:19:13.019000,2024-06-14T14:19:13.019000,"Circulation et transport","Services des communications","https://montreal.ca/alertes/mise-a-jour-fermeture-de-la-circulation-rue-saintecatherine-est-entre-les-rues-sanguinet-et-saintdenis-arrondissement-de-villemarie-20240215082208"
"Entrave à la circulation – Rue Ontario Est, entre la rue Panet et la rue de la Visitation – Direction ouest – Arrondissement de Ville-Marie",2024-02-15T13:35:14.454000,2024-06-14T14:35:14.454000,"Circulation et transport","Services des communications","https://montreal.ca/alertes/entrave-a-la-circulation-rue-ontario-est-entre-la-rue-panet-et-la-rue-de-la-visitation-direction-ouest-arrondissement-de-villemarie-20240215085126"
"Avis préventif d’ébullition d’eau – Rue Narbonne et la rue Volta, le 15/02/2024, arrondissement de Saint-Léonard",2024-02-15T18:31:07.395000,2024-06-14T19:31:07.395000,"Urgence","Services des communications","https://montreal.ca/alertes/avis-preventif-debullition-deau-rue-narbonne-et-la-rue-volta-le-15022024-arrondissement-de-saintleonard-20240215133426"
"Coupure d'eau – Avenue Coolbrook, entre l'avenue Isabella et le Chemin Queen-Mary, le 16/02/2024, arrondissement de CDN-NDG",2024-02-15T20:15:13.290000,2024-06-14T21:15:13.290000,"Eau et aqueduc","Services des communications","https://montreal.ca/alertes/coupure-deau-avenue-coolbrook-entre-lavenue-isabella-et-le-chemin-queenmary-le-16022024-arrondissement-de-cdnndg-20240215151647"
"Fermeture de la circulation – Avenue Coolbrook, entre le chemin Queen-Mary et l'avenue Isabella, le 16/02/2024, arrondissement de CDN-NDG",2024-02-15T20:28:14.818000,2024-06-14T21:28:14.818000,"Circulation et transport","Services des communications","https://montreal.ca/alertes/fermeture-de-la-circulation-avenue-coolbrook-entre-le-chemin-queenmary-et-lavenue-isabella-le-16022024-arrondissement-de-cdnndg-20240215153102"
"Fermeture de la circulation – Rue De Boisbriand, entre l'avenue de l'Hôtel-de-Ville et la rue De Bullion – Arrondissement de Ville-Marie",2024-02-16T12:36:37.993000,2024-06-15T13:36:37.993000,"Circulation et transport","Services des communications","https://montreal.ca/alertes/fermeture-de-la-circulation-rue-de-boisbriand-entre-lavenue-de-lhoteldeville-et-la-rue-de-bullion-arrondissement-de-villemarie-20240216075310"
"Fermeture de la circulation – Rue Logan, entre la rue Dufresne et la rue Poupart – Arrondissement de Ville-Marie",2024-02-16T12:57:42.139000,2024-06-15T13:57:42.139000,"Circulation et transport","Services des communications","https://montreal.ca/alertes/fermeture-de-la-circulation-rue-logan-entre-la-rue-dufresne-et-la-rue-poupart-arrondissement-de-villemarie-20240216081017"
"Entraves à ‌la‌ ‌circulation sur la rue Messier, entre l'avenue du Mont-Royal et la rue Marie-Anne, Le Plateau Mont-Royal",2024-02-16T14:58:09.160000,2024-06-15T15:58:09.160000,"Circulation et transport","Services des communications","https://montreal.ca/alertes/entraves-a-la-circulation-sur-la-rue-messier-entre-lavenue-du-montroyal-et-la-rue-marieanne-le-plateau-montroyal-20240216100543"
"Entraves à ‌la‌ ‌circulation sur la rue Messier, entre l'avenue du Mont-Royal et la rue Marie-Anne, arrondissement du Plateau-Mont-Royal",2024-02-16T15:01:03.771000,2024-06-15T16:01:03.771000,"Circulation et transport","Services des communications","https://montreal.ca/alertes/entraves-a-la-circulation-sur-la-rue-messier-entre-lavenue-du-montroyal-et-la-rue-marieanne-arrondissement-du-plateaumontroyal-20240216101236"
"Entrave à la circulation – Rue Ontario Est, entre la rue Alexandre-DeSève et la rue Plessis – Arrondissement de Ville-Marie",2024-02-16T16:52:24.424000,2024-06-15T17:52:24.424000,"Circulation et transport","Services des communications","https://montreal.ca/alertes/entrave-a-la-circulation-rue-ontario-est-entre-la-rue-alexandredeseve-et-la-rue-plessis-arrondissement-de-villemarie-20240216120744"
"Fermeture piscine Edouard-Montpetit, le 16/02/2024, arrondissement de Mercier-Hochelaga-Maisonneuve",2024-02-16T18:22:28.291000,2024-06-15T19:22:28.291000,"Parcs et bâtiments municipaux","Services des communications","https://montreal.ca/alertes/fermeture-piscine-edouardmontpetit-le-16022024-arrondissement-de-mercierhochelagamaisonneuve-20240216132513"
"Avis d’interruption d’eau – boulevard Rosemont – arrondissement de Rosemont-La Petite-Patrie ",2024-02-16T19:35:49.720000,2024-06-15T20:35:49.720000,"Eau et aqueduc","Services des communications","https://montreal.ca/alertes/avis-dinterruption-deau-boulevard-rosemont-arrondissement-de-rosemontla-petitepatrie--20240216143821"
"ERRATUM - Fermeture de la circulation – Avenue Bourret entre les avenues de Westbury et Mountain Sights, arr. de Côte-des-Neiges–Notre-Da...",2024-02-16T19:41:47.638000,2024-06-15T20:41:47.638000,"Circulation et transport","Services des communications","https://montreal.ca/alertes/erratum-fermeture-de-la-circulation-avenue-bourret-entre-les-avenues-de-westbury-et-mountain-sights-arr-de-cotedesneigesnotreda-20240216145040"
"Fermeture de la circulation – Avenue Durocher, entre les avenues Fairmount et Saint-Viateur – Arrondissement d'Outremont",2024-02-17T02:45:38.859000,2024-06-16T03:45:38.859000,"Circulation et transport","Services des communications","https://montreal.ca/alertes/fermeture-de-la-circulation-avenue-durocher-entre-les-avenues-fairmount-et-saintviateur-arrondissement-doutremont-20240216215555"
"Horaire spécial pour les patinoires extérieures, le 17/02/2024 arrondissement de Pierrefonds-Roxboro",2024-02-17T15:38:04.695000,2024-06-16T16:38:04.695000,"Parcs et bâtiments municipaux","Services des communications","https://montreal.ca/alertes/horaire-special-pour-les-patinoires-exterieures-le-17022024-arrondissement-de-pierrefondsroxboro-20240217104213"
"RÉOUVERTURE de la piscine Edouard-Montpetit, le 17/02/2024, arrondissement de Mercier-Hochelaga-Maisonneuve",2024-02-17T17:20:00.379000,2024-06-16T18:20:00.379000,"Parcs et bâtiments municipaux","Services des communications","https://montreal.ca/alertes/reouverture-de-la-piscine-edouardmontpetit-le-17022024-arrondissement-de-mercierhochelagamaisonneuve-20240217122239"
"Coupure d'eau – Rue Ontario Est, entre l'avenue Papineau et la rue Panet – Arrondissement de Ville-Marie",2024-02-17T18:56:18.765000,2024-06-16T19:56:18.765000,"Eau et aqueduc","Services des communications","https://montreal.ca/alertes/coupure-deau-rue-ontario-est-entre-lavenue-papineau-et-la-rue-panet-arrondissement-de-villemarie-20240217140447"
"Fermeture de la circulation – Avenue Powell, entre la rue Atherton et l'avenue Mountain Sights – Côte-des-Neiges–Notre-Dame-de-Grâce",2024-02-17T23:51:27.630000,2024-06-17T00:51:27.630000,"Circulation et transport","Services des communications","https://montreal.ca/alertes/fermeture-de-la-circulation-avenue-powell-entre-la-rue-atherton-et-lavenue-mountain-sights-cotedesneigesnotredamedegrace-20240217190435"
"Coupure d'eau – Avenue Beaconsfield et avenue Somerled – Arrondissement de Côte-des-Neiges–Notre-Dame-de-Grâce",2024-02-18T14:33:45.690000,2024-06-17T15:33:45.690000,"Eau et aqueduc","Services des communications","https://montreal.ca/alertes/coupure-deau-avenue-beaconsfield-et-avenue-somerled-arrondissement-de-cotedesneigesnotredamedegrace-20240218094409"
"Fermeture de la circulation – Avenue Beaconsfield, entre les avenues Fielding et Somerled – Côte-des-Neiges–Notre-Dame-de-Grâce",2024-02-18T14:11:37.602000,2024-06-17T15:11:37.602000,"Circulation et transport","Services des communications","https://montreal.ca/alertes/fermeture-de-la-circulation-avenue-beaconsfield-entre-les-avenues-fielding-et-somerled-cotedesneigesnotredamedegrace-20240218094418"
"Possibilité d’eau colorée – Arrondissement d'Anjou",2024-02-16T13:59:10.408000,2024-06-15T14:59:10.408000,"Eau et aqueduc","Services des communications","https://montreal.ca/alertes/possibilite-deau-coloree-arrondissement-danjou-20240218115952"
"Horaire spécial pour le Centre aquatique de Rivière-des-Prairies, le 18/02/2024, Rivière-des-Prairies - Pointe-aux-Trembles",2024-02-18T21:21:56.773000,2024-06-17T22:21:56.773000,"Parcs et bâtiments municipaux","Services des communications","https://montreal.ca/alertes/horaire-special-pour-le-centre-aquatique-de-rivieredesprairies-le-18022024-rivieredesprairies-pointeauxtrembles-20240218163253"
"Horaire spécial pour la Piscine de l'Académie Beurling, le 22/02/2024, Arrondissement de Verdun",2024-02-19T00:06:49.996000,2024-06-18T01:06:49.996000,"Parcs et bâtiments municipaux","Services des communications","https://montreal.ca/alertes/horaire-special-pour-la-piscine-de-lacademie-beurling-le-22022024-arrondissement-de-verdun-20240218191315"
"Fermeture de la circulation – Rue Sainte-Catherine Est, entre l'avenue de l'Hôtel-de-Ville et la rue De Bullion, Ville-Marie",2024-02-16T21:47:45.574000,2024-06-15T22:47:45.574000,"Circulation et transport","Services des communications","https://montreal.ca/alertes/fermeture-de-la-circulation-rue-saintecatherine-est-entre-lavenue-de-lhoteldeville-et-la-rue-de-bullion-villemarie-20240219080739"
"Fermeture à ‌la‌ ‌circulation sur les rues De La Gauchetière et De Bleury, arrondissement de Ville-Marie",2024-02-19T16:05:43.789000,2024-06-18T17:05:43.789000,"Circulation et transport","Services des communications","https://montreal.ca/alertes/fermeture-a-la-circulation-sur-les-rues-de-la-gauchetiere-et-de-bleury-arrondissement-de-villemarie-20240219110958"
"Possibilité d’eau colorée – Boulevard Rosemont et rue Beaubien entre 26e avenue et rue Du Quesne",2024-02-19T17:35:07.238000,2024-06-18T18:35:07.238000,"Eau et aqueduc","Services des communications","https://montreal.ca/alertes/possibilite-deau-coloree-boulevard-rosemont-et-rue-beaubien-entre-26e-avenue-et-rue-du-quesne-20240219124755"
"REPORTÉ - Entraves à ‌la‌ ‌circulation sur la 10e Avenue et la rue Dandurand, arrondissement Rosemont–La Petite-Patrie",2024-02-16T13:41:10.160000,2024-06-15T14:41:10.160000,"Circulation et transport","Services des communications","https://montreal.ca/alertes/reporte-entraves-a-la-circulation-sur-la-10e-avenue-et-la-rue-dandurand-arrondissement-rosemontla-petitepatrie-20240216084541"
"Fermeture piscine Edouard-Montpetit, le 20/02/2024, arrondissement de Mercier-Hochelaga-Maisonneuve",2024-02-20T00:09:49.441000,2024-06-19T01:09:49.441000,"Parcs et bâtiments municipaux","Services des communications","https://montreal.ca/alertes/fermeture-piscine-edouardmontpetit-le-20022024-arrondissement-de-mercierhochelagamaisonneuve-20240219192025"
"Coupure d'eau – 9e Avenue, entre les rues Prince-Albert et Notre-Dame Est – Arrondissement de Rivière-des-Prairies–Pointe-aux-Trembles",2024-02-20T11:41:18.658000,2024-06-19T12:41:18.658000,"Eau et aqueduc","Services des communications","https://montreal.ca/alertes/coupure-deau-9e-avenue-entre-les-rues-princealbert-et-notredame-est-arrondissement-de-rivieredesprairiespointeauxtrembles-20240220065732"
"REPORTÉ Entraves à ‌la‌ ‌circulation sur la rue Messier, entre l'avenue du Mont-Royal et la rue Marie-Anne, Le Plateau Mont-Royal",2024-02-20T14:54:43.299000,2024-06-19T15:54:43.299000,"Circulation et transport","Services des communications","https://montreal.ca/alertes/reporte-entraves-a-la-circulation-sur-la-rue-messier-entre-lavenue-du-montroyal-et-la-rue-marieanne-le-plateau-montroyal-20240220095526"
"REPORTÉ - Fermeture à ‌la‌ ‌circulation sur l'avenue du Mont-Royal et la rue De Lanaudière, arrondissement Le Plateau-Mont-Royal",2024-02-19T16:32:44.449000,2024-06-18T17:32:44.449000,"Circulation et transport","Services des communications","https://montreal.ca/alertes/reporte-fermeture-a-la-circulation-sur-lavenue-du-montroyal-et-la-rue-de-lanaudiere-arrondissement-le-plateaumontroyal-20240219113540"
"Fermeture de la circulation – Avenue Brodeur, entre les avenues Girouard et Duquette, le 21/02/2024, arrondissement de CDN-NDG",2024-02-20T16:42:27.182000,2024-06-19T17:42:27.182000,"Circulation et transport","Services des communications","https://montreal.ca/alertes/fermeture-de-la-circulation-avenue-brodeur-entre-les-avenues-girouard-et-duquette-le-21022024-arrondissement-de-cdnndg-20240220114447"
"Collecte des résidus alimentaires du 20/02/2024 – RETARDÉE – District d'Ahuntsic –Arrondissement d'Ahuntsic-Cartierville",2024-02-20T18:46:32.845000,2024-06-19T19:46:32.845000,"Déchets et recyclage","Services des communications","https://montreal.ca/alertes/collecte-des-residus-alimentaires-du-20022024-retardee-district-dahuntsic-arrondissement-dahuntsiccartierville-20240220135449"
"Entraves à ‌la‌ ‌circulation sur l'avenue du Mont-Royal et les rues Saint-Hubert et Saint-André, Le Plateau-Mont-Royal",2024-02-21T16:32:57.644000,2024-06-20T17:32:57.644000,"Circulation et transport","Services des communications","https://montreal.ca/alertes/entraves-a-la-circulation-sur-lavenue-du-montroyal-et-les-rues-sainthubert-et-saintandre-le-plateaumontroyal-20240221113442"
"Fermeture de la circulation – Boulevard Lasalle, entre les rues Wellington et de Rushbrooke, le 22/02/2024, arrondissement de Verdun",2024-02-19T15:01:12.176000,2024-06-18T16:01:12.176000,"Circulation et transport","Services des communications","https://montreal.ca/alertes/fermeture-de-la-circulation-boulevard-lasalle-entre-les-rues-wellington-et-de-rushbrooke-le-22022024-arrondissement-de-verdun-20240221144410"
"REPORT - Entrave à ‌la‌ ‌circulation sur la côte de la Place d'Armes, entre les rues Saint-Antoine et Saint-Jacques, Ville-Marie",2024-02-21T15:45:27.823000,2024-06-20T16:45:27.823000,"Circulation et transport","Services des communications","https://montreal.ca/alertes/report-entrave-a-la-circulation-sur-la-cote-de-la-place-darmes-entre-les-rues-saintantoine-et-saintjacques-villemarie-20240221104638"
"Entrave à ‌la‌ ‌circulation – Rue Cartier et rue Dandurand, arrondissement de Rosemont-La Petite-Patrie",2024-02-22T13:46:47.016000,2024-06-21T14:46:47.016000,"Circulation et transport","Services des communications","https://montreal.ca/alertes/entrave-a-la-circulation-rue-cartier-et-rue-dandurand-arrondissement-de-rosemontla-petitepatrie-20240222085849"
"Fermeture à la circulation – Rue Saint-Antoine Ouest, entre les rues Saint-Urbain et Clark, arrondissement de Ville-Marie",2024-02-22T21:20:02.023000,2024-06-21T22:20:02.023000,"Circulation et transport","Services des communications","https://montreal.ca/alertes/fermeture-a-la-circulation-rue-saintantoine-ouest-entre-les-rues-sainturbain-et-clark-arrondissement-de-villemarie-20240222162936"
"MISE À JOUR  - Horaire spécial pour la piscine Saint-Henri, le 22/02/2024, arrondissement du Sud-Ouest",2024-02-21T21:10:01.140000,2024-06-20T22:10:01.140000,"Parcs et bâtiments municipaux","Services des communications","https://montreal.ca/alertes/mise-a-jour-horaire-special-pour-la-piscine-sainthenri-le-22022024-arrondissement-du-sudouest-20240221161312"
"Fermeture de la circulation – Avenue Fielding entre avenue de Kensington et Grand Boulevard, arr. de Côte-des-Neiges–Notre-Dame-de-Grâce ",2024-02-22T23:02:29.858000,2024-06-22T00:02:29.858000,"Circulation et transport","Services des communications","https://montreal.ca/alertes/fermeture-de-la-circulation-avenue-fielding-entre-avenue-de-kensington-et-grand-boulevard-arr-de-cotedesneigesnotredamedegrace--20240222180350"
"Avis préventif d’ébullition d’eau – Rue Todd et rue Mondugno, arrondissement de Saint-Laurent",2024-02-23T01:02:24.511000,2024-06-22T02:02:24.511000,"Urgence","Services des communications","https://montreal.ca/alertes/avis-preventif-debullition-deau-rue-todd-et-rue-mondugno-arrondissement-de-saintlaurent-20240222201627"
"Entrave à la circulation – Chemin de la Côte-Sainte-Catherine, entre l'avenue McNider et le boulevard du Mont-Royal – Outremont",2024-02-23T12:40:25.015000,2024-06-22T13:40:25.015000,"Circulation et transport","Services des communications","https://montreal.ca/alertes/entrave-a-la-circulation-chemin-de-la-cotesaintecatherine-entre-lavenue-mcnider-et-le-boulevard-du-montroyal-outremont-20240223075534"
"Coupure d'eau – Chemin de la Côte-Sainte-Catherine et boulevard du Mont-Royal – Arrondissement d'Outremont",2024-02-23T12:05:53.517000,2024-06-22T13:05:53.517000,"Eau et aqueduc","Services des communications","https://montreal.ca/alertes/coupure-deau-chemin-de-la-cotesaintecatherine-et-boulevard-du-montroyal-arrondissement-doutremont-20240223075544"
"Coupure d'eau – Avenue Vincent-D'Indy et avenue Willowdale – Arrondissement d'Outremont",2024-02-23T13:54:31.660000,2024-06-22T14:54:31.660000,"Eau et aqueduc","Services des communications","https://montreal.ca/alertes/coupure-deau-avenue-vincentdindy-et-avenue-willowdale-arrondissement-doutremont-20240223091232"
"Fermeture de la circulation – Avenue Vincent-D'Indy, entre le chemin de la Côte-Sainte-Catherine et l'avenue Willowdale – Outremont",2024-02-23T13:08:41.531000,2024-06-22T14:08:41.531000,"Circulation et transport","Services des communications","https://montreal.ca/alertes/fermeture-de-la-circulation-avenue-vincentdindy-entre-le-chemin-de-la-cotesaintecatherine-et-lavenue-willowdale-outremont-20240223091240"
"Entrave à ‌la‌ ‌circulation sur la rue Saint-Patrick, entre la rue Beaulieu et l'avenue Irwin, Le Sud-Ouest",2024-02-23T15:03:07.917000,2024-06-22T16:03:07.917000,"Circulation et transport","Services des communications","https://montreal.ca/alertes/entrave-a-la-circulation-sur-la-rue-saintpatrick-entre-la-rue-beaulieu-et-lavenue-irwin-le-sudouest-20240223100841"
"Entraves à ‌la‌ ‌circulation sur l'avenue du Mont-Royal et les rues Clark et Saint-Urbain, Le Plateau-Mont-Royal",2024-02-23T15:00:47.780000,2024-06-22T16:00:47.780000,"Circulation et transport","Services des communications","https://montreal.ca/alertes/entraves-a-la-circulation-sur-lavenue-du-montroyal-et-les-rues-clark-et-sainturbain-le-plateaumontroyal-20240223101744"
"Fermeture de la circulation – Rue Sherbrooke Est, entre les rues Frontenac et D'Iberville, arrondissement de Ville-Marie",2024-02-23T15:12:51.572000,2024-06-22T16:12:51.572000,"Circulation et transport","Services des communications","https://montreal.ca/alertes/fermeture-de-la-circulation-rue-sherbrooke-est-entre-les-rues-frontenac-et-diberville-arrondissement-de-villemarie-20240223102442"
"Avis d’interruption d’eau – boulevard Rosemont – arrondissement de Rosemont-La Petite-Patrie ",2024-02-23T18:04:54.808000,2024-06-22T19:04:54.808000,"Eau et aqueduc","Services des communications","https://montreal.ca/alertes/avis-dinterruption-deau-boulevard-rosemont-arrondissement-de-rosemontla-petitepatrie--20240223130819"
"Entraves à la circulation – Rue Sainte-Catherine Ouest et rue Crescent –  Arrondissement de Ville-Marie",2024-02-23T16:58:13.299000,2024-06-22T17:58:13.299000,"Circulation et transport","Services des communications","https://montreal.ca/alertes/entraves-a-la-circulation-rue-saintecatherine-ouest-et-rue-crescent-arrondissement-de-villemarie-20240223132427"
"Fermeture de la circulation – Rue Wellington, entre les rues Queen et Prince, arrondissement de Ville-Marie",2024-02-23T15:32:44.928000,2024-06-22T16:32:44.928000,"Circulation et transport","Services des communications","https://montreal.ca/alertes/fermeture-de-la-circulation-rue-wellington-entre-les-rues-queen-et-prince-arrondissement-de-villemarie-20240224121733"
"Horaire spécial pour le centre aquatique de Rivière-des-Prairies, le 24/02/2024, arrondissement de Rivières des Prairies-Pointe-aux-Trembles",2024-02-24T19:06:50.226000,2024-06-23T20:06:50.226000,"Parcs et bâtiments municipaux","Services des communications","https://montreal.ca/alertes/horaire-special-pour-le-centre-aquatique-de-rivieredesprairies-le-24022024-arrondissement-de-rivieres-des-prairiespointeauxtrembles-20240224142021"
"Fin de l'avis préventif d’ébullition de l’eau – Rue Todd et rue Mondugno, arrondissement de Saint-Laurent",2024-02-24T21:07:21.663000,2024-06-23T22:07:21.663000,"Urgence","Services des communications","https://montreal.ca/alertes/fin-de-lavis-preventif-debullition-de-leau-rue-todd-et-rue-mondugno-arrondissement-de-saintlaurent-20240224160913"
"Entrave partielle à la circulation – Rue Sainte-Catherine Ouest entre les rues Bishop et Mackay, arrondissement de Ville-Marie",2024-02-23T18:24:34.798000,2024-06-22T19:24:34.798000,"Circulation et transport","Services des communications","https://montreal.ca/alertes/entrave-partielle-a-la-circulation-rue-saintecatherine-ouest-entre-les-rues-bishop-et-mackay-arrondissement-de-villemarie-20240224174536"
"Rappel - Avis d’interruption d’eau – boulevard Rosemont – arrondissement de Rosemont-La Petite-Patrie ",2024-02-23T18:18:31.224000,2024-06-22T19:18:31.224000,"Eau et aqueduc","Services des communications","https://montreal.ca/alertes/rappel-avis-dinterruption-deau-boulevard-rosemont-arrondissement-de-rosemontla-petitepatrie--20240225110502"
"Fermeture de la circulation – Avenue Beaconsfield, entre les avenues Fielding et Somerled – Côte-des-Neiges–Notre-Dame-de-Grâce",2024-02-25T16:03:54.855000,2024-06-24T17:03:54.855000,"Circulation et transport","Services des communications","https://montreal.ca/alertes/fermeture-de-la-circulation-avenue-beaconsfield-entre-les-avenues-fielding-et-somerled-cotedesneigesnotredamedegrace-20240225111849"
"Possibilité d’eau colorée – Arrondissement d'Anjou",2024-02-23T14:22:48.671000,2024-06-22T15:22:48.671000,"Eau et aqueduc","Services des communications","https://montreal.ca/alertes/possibilite-deau-coloree-arrondissement-danjou-20240225120314"
"Horaire spécial pour le Centre aquatique de Rivière-des-Prairies, le 25/02/2024, arrondissement de Rivières des Prairies-Pointe-aux-Trembles",2024-02-25T17:45:49.568000,2024-06-24T18:45:49.568000,"Parcs et bâtiments municipaux","Services des communications","https://montreal.ca/alertes/horaire-special-pour-le-centre-aquatique-de-rivieredesprairies-le-25022024-arrondissement-de-rivieres-des-prairiespointeauxtrembles-20240225124553"
"MISE À JOUR - Fermeture de la circulation – Rue de Verdun, entre les rues Osborne et Egan – arrondissement de Verdun",2024-02-25T23:19:09.181000,2024-06-25T00:19:09.181000,"Circulation et transport","Services des communications","https://montreal.ca/alertes/mise-a-jour-fermeture-de-la-circulation-rue-de-verdun-entre-les-rues-osborne-et-egan-arrondissement-de-verdun-20240225182013"
"Fermeture à ‌la‌ ‌circulation sur du Mont-Royal, entre De La Roche et Papineau et sur la rue Marquette, entre Marie-Anne et Gilford, PMR",2024-02-26T15:01:49.920000,2024-06-25T16:01:49.920000,"Circulation et transport","Services des communications","https://montreal.ca/alertes/fermeture-a-la-circulation-sur-du-montroyal-entre-de-la-roche-et-papineau-et-sur-la-rue-marquette-entre-marieanne-et-gilford-pmr-20240226100823"
"ANNULÉ - Coupure d'eau – Avenue Beaconsfield entre avenue Fielding et avenue Somerled, arrondissement de Côte-des-Neiges-Notre-Dame-de-G...",2024-02-25T16:12:50.580000,2024-06-24T17:12:50.580000,"Eau et aqueduc","Services des communications","https://montreal.ca/alertes/annule-coupure-deau-avenue-beaconsfield-entre-avenue-fielding-et-avenue-somerled-arrondissement-de-cotedesneigesnotredamedeg-20240225112109"
"Fermeture de la circulation – Avenue Dunlop, entre les avenues Ducharme et du Manoir, arrondissement d'Outremont",2024-02-26T16:28:15.117000,2024-06-25T17:28:15.117000,"Circulation et transport","Services des communications","https://montreal.ca/alertes/fermeture-de-la-circulation-avenue-dunlop-entre-les-avenues-ducharme-et-du-manoir-arrondissement-doutremont-20240226114127"
"Entrave à la circulation – Boul. de Pierrefonds, entre Ste-Anne et St-Jean, et boul. Jacques-Bizard, entre Pierrefonds et Gouin O.  ",2024-02-26T16:28:58.961000,2024-06-25T17:28:58.961000,"Circulation et transport","Services des communications","https://montreal.ca/alertes/entrave-a-la-circulation-boul-de-pierrefonds-entre-steanne-et-stjean-et-boul-jacquesbizard-entre-pierrefonds-et-gouin-o--20240226125903"
"REPORTÉE –  Fermeture de la circulation – Avenue Dunlop, entre les avenues Ducharme et du Manoir, arrondissement d'Outremont",2024-02-26T21:05:20.886000,2024-06-25T22:05:20.886000,"Circulation et transport","Services des communications","https://montreal.ca/alertes/reportee-fermeture-de-la-circulation-avenue-dunlop-entre-les-avenues-ducharme-et-du-manoir-arrondissement-doutremont-20240226161101"
"Arrondissement d'Ahuntsic-Cartierville – Réaménagement du boulevard Gouin Ouest, entre l'avenue  Wood et le boulevard Toupin",2024-02-28T19:17:39.305000,2024-06-27T20:17:39.305000,"Circulation et transport","Services des communications","https://montreal.ca/alertes/arrondissement-dahuntsiccartierville-reamenagement-du-boulevard-gouin-ouest-entre-lavenue-wood-et-le-boulevard-toupin-20240228150535"
"Avis préventif d’ébullition d’eau – Rue Fox, entre les boulevards Gouin O. et de Pierrefonds – Arrondissement de Pierrefonds-Roxboro",2024-02-29T17:20:49.719000,2024-06-28T18:20:49.719000,"Urgence","Services des communications","https://montreal.ca/alertes/avis-preventif-debullition-deau-rue-fox-entre-les-boulevards-gouin-o-et-de-pierrefonds-arrondissement-de-pierrefondsroxboro-20240229122713"
"Fermeture de la circulation – Rue Crescent, entre la rue Sainte-Catherine O. et le boul. René-Lévesque O.  –  Arrondissement de Ville-Marie",2024-02-29T19:45:55.315000,2024-06-28T20:45:55.315000,"Circulation et transport","Services des communications","https://montreal.ca/alertes/fermeture-de-la-circulation-rue-crescent-entre-la-rue-saintecatherine-o-et-le-boul-renelevesque-o-arrondissement-de-villemarie-20240229150538"
"Fermetures à la ‌circulation sur les rues Fleury Est et Rancourt, arrondissement d'Ahuntsic-Cartierville",2024-03-01T13:50:17.109000,2024-06-29T14:50:17.109000,"Circulation et transport","Services des communications","https://montreal.ca/alertes/fermetures-a-la-circulation-sur-les-rues-fleury-est-et-rancourt-arrondissement-dahuntsiccartierville-20240301090032"
"Fermeture de la circulation – Avenue Pratt, entre les avenues Glendale et du Manoir – Arrondissement d'Outremont",2024-03-01T15:02:42.915000,2024-06-29T16:02:42.915000,"Circulation et transport","Services des communications","https://montreal.ca/alertes/fermeture-de-la-circulation-avenue-pratt-entre-les-avenues-glendale-et-du-manoir-arrondissement-doutremont-20240301101258"
"Entraves à ‌la‌ ‌circulation sur la rue Duvernay, entre les rues Charlevoix et du Dominion, Le Sud-Ouest",2024-03-01T15:44:49.221000,2024-06-29T16:44:49.221000,"Circulation et transport","Services des communications","https://montreal.ca/alertes/entraves-a-la-circulation-sur-la-rue-duvernay-entre-les-rues-charlevoix-et-du-dominion-le-sudouest-20240301104712"
"Fermeture de la circulation – Avenue De Ramezay, entre le chemin Daulac et Le Boulevard –  Arrondissement de Ville-Marie",2024-03-01T15:33:55.798000,2024-06-29T16:33:55.798000,"Circulation et transport","Services des communications","https://montreal.ca/alertes/fermeture-de-la-circulation-avenue-de-ramezay-entre-le-chemin-daulac-et-le-boulevard-arrondissement-de-villemarie-20240301104940"
"Horaire spécial pour le comptoir d'accueil de l'Auditorium de Verdun, le 01/03/2024, arrondissement de Verdun",2024-03-01T17:59:46.554000,2024-06-29T18:59:46.554000,"Parcs et bâtiments municipaux","Services des communications","https://montreal.ca/alertes/horaire-special-pour-le-comptoir-daccueil-de-lauditorium-de-verdun-le-01032024-arrondissement-de-verdun-20240301130034"
"Fermeture de la circulation – Rue Saint-Denis entre le boulevard René-Lévesque et rue de La Gauchetière, arrondissement de Ville-Marie",2024-03-01T19:39:04.433000,2024-06-29T20:39:04.433000,"Circulation et transport","Services des communications","https://montreal.ca/alertes/fermeture-de-la-circulation-rue-saintdenis-entre-le-boulevard-renelevesque-et-rue-de-la-gauchetiere-arrondissement-de-villemarie-20240301144148"
"Fermeture de la circulation – Boulevard René-Lévesque Ouest, entre la rue Crescent et la rue de la Montagne  –  Arr. de Ville-Marie",2024-03-01T19:27:22.507000,2024-06-29T20:27:22.507000,"Circulation et transport","Services des communications","https://montreal.ca/alertes/fermeture-de-la-circulation-boulevard-renelevesque-ouest-entre-la-rue-crescent-et-la-rue-de-la-montagne-arr-de-villemarie-20240301144714"
"Fermeture de la circulation – Rue Notre-Dame Est, entre l'avenue De Lorimier et la rue Notre-Dame Est –  Arrondissement de Ville-Marie",2024-03-01T20:01:40.747000,2024-06-29T21:01:40.747000,"Circulation et transport","Services des communications","https://montreal.ca/alertes/fermeture-de-la-circulation-rue-notredame-est-entre-lavenue-de-lorimier-et-la-rue-notredame-est-arrondissement-de-villemarie-20240301173132"
"Horaire spécial pour la Piscine de l'Académie Beurling,  du 04/03/2024 au 10/03/2024, arrondissement de Verdun",2024-03-03T18:52:49.999000,2024-07-01T19:52:49.999000,"Parcs et bâtiments municipaux","Services des communications","https://montreal.ca/alertes/horaire-special-pour-la-piscine-de-lacademie-beurling-du-04032024-au-10032024-arrondissement-de-verdun-20240303135742"
"Horaire spécial pour la piscine Edouard-Montpetit - Semaine de relâche, arrondissement de Mercier–Hochelaga-Maisonneuve ",2024-03-03T19:44:17.933000,2024-07-01T20:44:17.933000,"Parcs et bâtiments municipaux","Services des communications","https://montreal.ca/alertes/horaire-special-pour-la-piscine-edouardmontpetit-semaine-de-relache-arrondissement-de-mercierhochelagamaisonneuve--20240303151108"
"Entraves à ‌la‌ ‌circulation sur les rues De La Roche et de Bellechasse, arrondissement Rosemont–La Petite-Patrie",2024-03-04T12:58:58.063000,2024-07-02T13:58:58.063000,"Circulation et transport","Services des communications","https://montreal.ca/alertes/entraves-a-la-circulation-sur-les-rues-de-la-roche-et-de-bellechasse-arrondissement-rosemontla-petitepatrie-20240304080705"
"Avis d’interruption d’eau – 7360 à 7394, rue Saint-Hubert – Arrondissement de Villeray–Saint-Michel–Parc-Extension ",2024-03-04T15:31:32.302000,2024-07-02T16:31:32.302000,"Eau et aqueduc","Services des communications","https://montreal.ca/alertes/avis-dinterruption-deau-7360-a-7394-rue-sainthubert-arrondissement-de-villeraysaintmichelparcextension--20240304103634"
"Avis d’interruption d’eau – Rues Saint-Hubert, Jarry, Saint-André et  Gounod – Arrondissement de Villeray–Saint-Michel–Parc-Extension ",2024-03-04T15:33:40.624000,2024-07-02T16:33:40.624000,"Eau et aqueduc","Services des communications","https://montreal.ca/alertes/avis-dinterruption-deau-rues-sainthubert-jarry-saintandre-et-gounod-arrondissement-de-villeraysaintmichelparcextension--20240304104514"
"Coupure d'eau – Du 4985 au 5245 Chemin Côte-Saint-Luc, le 05/03/2024, arrondissement de Côte-des-Neiges-Notre-Dame-de-Grâce",2024-03-04T18:41:12.601000,2024-07-02T19:41:12.601000,"Eau et aqueduc","Services des communications","https://montreal.ca/alertes/coupure-deau-du-4985-au-5245-chemin-cotesaintluc-le-05032024-arrondissement-de-cotedesneigesnotredamedegrace-20240304134734"
"Horaire spécial pour le Complexe récréatif Gadbois, le 06/03/2024, arrondissement du Sud-Ouest",2024-02-29T13:31:33.516000,2024-06-28T14:31:33.516000,"Parcs et bâtiments municipaux","Services des communications","https://montreal.ca/alertes/horaire-special-pour-le-complexe-recreatif-gadbois-le-06032024-arrondissement-du-sudouest-20240304144432"
"Coupure d'eau – 4e Avenue, entre le boulevard Champlain et la rue Bannantyne, arrondissement de Verdun",2024-03-05T13:07:01.803000,2024-07-03T14:07:01.803000,"Eau et aqueduc","Services des communications","https://montreal.ca/alertes/coupure-deau-4e-avenue-entre-le-boulevard-champlain-et-la-rue-bannantyne-arrondissement-de-verdun-20240305080953"
"Fermeture de la circulation – 4e Avenue, entre le boulevard Champlain et la rue Bannantyne, arrondissement de Verdun",2024-03-05T13:17:39.666000,2024-07-03T14:17:39.666000,"Circulation et transport","Services des communications","https://montreal.ca/alertes/fermeture-de-la-circulation-4e-avenue-entre-le-boulevard-champlain-et-la-rue-bannantyne-arrondissement-de-verdun-20240305081957"
"Fermeture à ‌la‌ ‌circulation sur les avenues Bloomfield, Fairmount et Elmwood, Outremont",2024-03-05T13:13:34.432000,2024-07-03T14:13:34.432000,"Circulation et transport","Services des communications","https://montreal.ca/alertes/fermeture-a-la-circulation-sur-les-avenues-bloomfield-fairmount-et-elmwood-outremont-20240305082335"
"Coupure d'eau – Avenue Montesquieu, entre l'avenue Giraud et l'avenue Baudrière, arrondissement d'Anjou",2024-03-05T17:13:28.457000,2024-07-03T18:13:28.457000,"Eau et aqueduc","Services des communications","https://montreal.ca/alertes/coupure-deau-avenue-montesquieu-entre-lavenue-giraud-et-lavenue-baudriere-arrondissement-danjou-20240305121704"
"Horaire spécial pour le Roulivre, bibliothèque mobile, le 05/03/2024, arrondissement de Villeray-Saint-Michel-Parc-Extension ",2024-03-05T18:07:14.465000,2024-07-03T19:07:14.465000,"Parcs et bâtiments municipaux","Services des communications","https://montreal.ca/alertes/horaire-special-pour-le-roulivre-bibliotheque-mobile-le-05032024-arrondissement-de-villeraysaintmichelparcextension--20240305131231"
"Avis préventif d’ébullition d’eau – 4e Avenue, entre le boulevard Champlain et la rue Bannantyne, arrondissement de Verdun",2024-03-05T18:51:23.026000,2024-07-03T19:51:23.026000,"Urgence","Services des communications","https://montreal.ca/alertes/avis-preventif-debullition-deau-4e-avenue-entre-le-boulevard-champlain-et-la-rue-bannantyne-arrondissement-de-verdun-20240305135437"
"Fermeture de la circulation – 8250 avenue Mountain Sights, entre les rues de la Savane et De Sorel, le 06/03/2024, arrondissement de CDN-NDG",2024-03-05T20:26:26.697000,2024-07-03T21:26:26.697000,"Circulation et transport","Services des communications","https://montreal.ca/alertes/fermeture-de-la-circulation-8250-avenue-mountain-sights-entre-les-rues-de-la-savane-et-de-sorel-le-06032024-arrondissement-de-cdnndg-20240305152939"
"Coupure d'eau – Rue de la Gauchetière, rue Victoria et 31e avenue, arrondissement Rivière-des-Prairies-Pointe-aux-Trembles",2024-03-06T12:07:53.452000,2024-07-04T13:07:53.452000,"Eau et aqueduc","Services des communications","https://montreal.ca/alertes/coupure-deau-rue-de-la-gauchetiere-rue-victoria-et-31e-avenue-arrondissement-rivieredesprairiespointeauxtrembles-20240306071404"
"Collecte des résidus alimentaires – Tous les jeudis du mois de mars, en ruelle, entre 5 h 30 et 8 h, arrondissement d'Outremont",2024-03-06T21:03:41.456000,2024-07-04T22:03:41.456000,"Déchets et recyclage","Services des communications","https://montreal.ca/alertes/collecte-des-residus-alimentaires-tous-les-jeudis-du-mois-de-mars-en-ruelle-entre-5-h-30-et-8-h-arrondissement-doutremont-20240306160621"
"Fermeture de la ‌circulation –  Avenue Old Orchard, entre la rue de Terrebonne et l'avenue de Monkland – Côte-des-Neiges–Notre-Dame-de-Grâce",2024-03-06T21:01:43.442000,2024-07-04T22:01:43.442000,"Circulation et transport","Services des communications","https://montreal.ca/alertes/fermeture-de-la-circulation-avenue-old-orchard-entre-la-rue-de-terrebonne-et-lavenue-de-monkland-cotedesneigesnotredamedegrace-20240306161259"
"Entrave à la circulation – De la rue Dickson au 5382, rue Notre-Dame Est, arrondissement  de Mercier-Hochelaga-Maisonneuve",2024-03-06T22:58:57.632000,2024-07-04T23:58:57.632000,"Circulation et transport","Services des communications","https://montreal.ca/alertes/entrave-a-la-circulation-de-la-rue-dickson-au-5382-rue-notredame-est-arrondissement-de-mercierhochelagamaisonneuve-20240306181152"
"Fermeture de la circulation – Rue Beatty entre rue Bannantyne et rue Beurling, arrondissement de Verdun",2024-03-04T18:25:34.507000,2024-07-02T19:25:34.507000,"Circulation et transport","Services des communications","https://montreal.ca/alertes/fermeture-de-la-circulation-rue-beatty-entre-rue-bannantyne-et-rue-beurling-arrondissement-de-verdun-20240304133802"
"Fermeture de la circulation – Rue Bombardier, entre les rues Pascal-Gagnon et du Creusot – Arrondissement de Saint-Léonard",2024-03-07T13:05:27.134000,2024-07-05T14:05:27.134000,"Circulation et transport","Services des communications","https://montreal.ca/alertes/fermeture-de-la-circulation-rue-bombardier-entre-les-rues-pascalgagnon-et-du-creusot-arrondissement-de-saintleonard-20240307081138"
"Coupure d'eau – Rue Bombardier, entre les rues Pascal-Gagnon et du Creusot – Arrondissement de Saint-Léonard",2024-03-07T12:50:20.977000,2024-07-05T13:50:20.977000,"Eau et aqueduc","Services des communications","https://montreal.ca/alertes/coupure-deau-rue-bombardier-entre-les-rues-pascalgagnon-et-du-creusot-arrondissement-de-saintleonard-20240307081145"
"Avis préventif d’ébullition d’eau – Boulevard Maurice-Duplessis, entre l'avenue Désy et le boulevard Lacordaire – Montréal-Nord",2024-03-07T14:40:46.340000,2024-07-05T15:40:46.340000,"Urgence","Services des communications","https://montreal.ca/alertes/avis-preventif-debullition-deau-boulevard-mauriceduplessis-entre-lavenue-desy-et-le-boulevard-lacordaire-montrealnord-20240307094620"
"MISE À JOUR Fermeture à ‌la‌ ‌circulation sur les avenues Bloomfield, Fairmount et Elmwood, Outremont",2024-03-07T15:36:11.458000,2024-07-05T16:36:11.458000,"Circulation et transport","Services des communications","https://montreal.ca/alertes/mise-a-jour-fermeture-a-la-circulation-sur-les-avenues-bloomfield-fairmount-et-elmwood-outremont-20240307104100"
"MISE À JOUR Avis préventif d’ébullition d’eau – Boulevard Maurice-Duplessis, entre l'avenue Désy et le boulevard Lacordaire – Montréal-Nord",2024-03-07T16:28:58.077000,2024-07-05T17:28:58.077000,"Urgence","Services des communications","https://montreal.ca/alertes/mise-a-jour-avis-preventif-debullition-deau-boulevard-mauriceduplessis-entre-lavenue-desy-et-le-boulevard-lacordaire-montrealnord-20240307113041"
"Entrave à la circulation – Rue Saint-Jacques, entre la rue West Broadway et l'avenue Westmore – Côte-des-Neiges - Notre-Dame-de-Grâce",2024-03-07T18:46:34.659000,2024-07-05T19:46:34.659000,"Circulation et transport","Services des communications","https://montreal.ca/alertes/entrave-a-la-circulation-rue-saintjacques-entre-la-rue-west-broadway-et-lavenue-westmore-cotedesneiges-notredamedegrace-20240307140459"
"Fermeture de la circulation – Rue Crescent entre la rue Sainte-Catherine et le boulevard René-Lévesque, arrondissement de Ville-Marie ",2024-03-07T19:43:03.688000,2024-07-05T20:43:03.688000,"Circulation et transport","Services des communications","https://montreal.ca/alertes/fermeture-de-la-circulation-rue-crescent-entre-la-rue-saintecatherine-et-le-boulevard-renelevesque-arrondissement-de-villemarie--20240307145249"
"Entrave à la circulation – Boulevard De Maisonneuve Est, entre la rue Sanguinet et le boulevard Saint-Laurent, arrondissement de Ville-Marie",2024-03-07T20:08:06.494000,2024-07-05T21:08:06.494000,"Circulation et transport","Services des communications","https://montreal.ca/alertes/entrave-a-la-circulation-boulevard-de-maisonneuve-est-entre-la-rue-sanguinet-et-le-boulevard-saintlaurent-arrondissement-de-villemarie-20240307151651"
"Entrave à la circulation – Rue Sainte-Catherine Est, entre les rues Atateken et Wolfe, arrondissement de Ville-Marie",2024-03-07T19:46:39.741000,2024-07-05T20:46:39.741000,"Circulation et transport","Services des communications","https://montreal.ca/alertes/entrave-a-la-circulation-rue-saintecatherine-est-entre-les-rues-atateken-et-wolfe-arrondissement-de-villemarie-20240307144904"
"Fin de l'avis préventif d’ébullition de l’eau – Boulevard Maurice-Duplessis, entre l'avenue Désy et le boulevard Lacordaire – Montréal-Nord",2024-03-07T22:53:10.983000,2024-07-05T23:53:10.983000,"Urgence","Services des communications","https://montreal.ca/alertes/fin-de-lavis-preventif-debullition-de-leau-boulevard-mauriceduplessis-entre-lavenue-desy-et-le-boulevard-lacordaire-montrealnord-20240307175414"
"Coupure d'eau – Boulevard Couture, entre le boulevard Viau et la rue Puyseaux – Arrondissement de Saint-Léonard",2024-03-08T12:56:46.218000,2024-07-06T13:56:46.218000,"Eau et aqueduc","Services des communications","https://montreal.ca/alertes/coupure-deau-boulevard-couture-entre-le-boulevard-viau-et-la-rue-puyseaux-arrondissement-de-saintleonard-20240308082020"
"Fermeture de la circulation – Boulevard Couture, entre la rue Salvaye et la rue Puyseaux – Arrondissement de Saint-Léonard",2024-03-08T13:24:24.828000,2024-07-06T14:24:24.828000,"Circulation et transport","Services des communications","https://montreal.ca/alertes/fermeture-de-la-circulation-boulevard-couture-entre-la-rue-salvaye-et-la-rue-puyseaux-arrondissement-de-saintleonard-20240308083654"
"Entraves à ‌la‌ ‌circulation sur les rues Vinet, Delisle, Workman et l'avenue Lionel-Groulx, Le Sud-Ouest",2024-03-08T13:57:40.435000,2024-07-06T14:57:40.435000,"Circulation et transport","Services des communications","https://montreal.ca/alertes/entraves-a-la-circulation-sur-les-rues-vinet-delisle-workman-et-lavenue-lionelgroulx-le-sudouest-20240308090215"
"Entraves à ‌la‌ ‌circulation sur la rue Hutchison, entre les avenues Fairmount et Laurier, arrondissement de PMR",2024-03-08T14:04:18.209000,2024-07-06T15:04:18.209000,"Circulation et transport","Services des communications","https://montreal.ca/alertes/entraves-a-la-circulation-sur-la-rue-hutchison-entre-les-avenues-fairmount-et-laurier-arrondissement-de-pmr-20240308090650"
"MISE À JOUR – Réaménagement du boulevard Gouin Ouest, entre l'avenue  Wood et le boulevard Toupin – Arrondissement d'Ahuntsic-Cartierville",2024-03-08T19:51:38.803000,2024-07-06T20:51:38.803000,"Circulation et transport","Services des communications","https://montreal.ca/alertes/mise-a-jour-reamenagement-du-boulevard-gouin-ouest-entre-lavenue-wood-et-le-boulevard-toupin-arrondissement-dahuntsiccartierville-20240308150814"
"Horaire spécial pour la piscine Edouard-Montpetit, le 09/03/2024, arrondissement de Mercier-Hochelaga-Maisonneuve",2024-03-09T18:28:40.114000,2024-07-07T19:28:40.114000,"Parcs et bâtiments municipaux","Services des communications","https://montreal.ca/alertes/horaire-special-pour-la-piscine-edouardmontpetit-le-09032024-arrondissement-de-mercierhochelagamaisonneuve-20240309133138"
"MISE À JOUR Horaire spécial pour la piscine Edouard-Montpetit, le 09/03/2024, arrondissement de Mercier-Hochelaga-Maisonneuve",2024-03-09T18:54:22.426000,2024-07-07T19:54:22.426000,"Parcs et bâtiments municipaux","Services des communications","https://montreal.ca/alertes/mise-a-jour-horaire-special-pour-la-piscine-edouardmontpetit-le-09032024-arrondissement-de-mercierhochelagamaisonneuve-20240309135455"
"Fermeture du service de prêt de matériel d'Hiver-O-Parc au parc Nicolas-Tillemont – 09/03/2024  – Villeray–Saint-Michel–Parc-Extension ",2024-03-09T19:02:15.218000,2024-07-07T20:02:15.218000,"Parcs et bâtiments municipaux","Services des communications","https://montreal.ca/alertes/fermeture-du-service-de-pret-de-materiel-dhiveroparc-au-parc-nicolastillemont-09032024-villeraysaintmichelparcextension--20240309141404"
"Horaire spécial pour le Centre aquatique de Rivière-des-Prairies, le 09/03/2024, arr. de Rivière-des-Prairies – Pointe-aux-Trembles",2024-03-09T20:49:34.744000,2024-07-07T21:49:34.744000,"Parcs et bâtiments municipaux","Services des communications","https://montreal.ca/alertes/horaire-special-pour-le-centre-aquatique-de-rivieredesprairies-le-09032024-arr-de-rivieredesprairies-pointeauxtrembles-20240309155434"
"Réouverture du Centre aquatique de Rivière-des-Prairies, arrondissement de Rivière-des-Prairies – Pointe-aux-Trembles",2024-03-09T21:16:05.098000,2024-07-07T22:16:05.098000,"Parcs et bâtiments municipaux","Services des communications","https://montreal.ca/alertes/reouverture-du-centre-aquatique-de-rivieredesprairies-arrondissement-de-rivieredesprairies-pointeauxtrembles-20240309161717"
"Avis d’interruption d’eau – rues Saint-Hubert, Jarry et Gounod – arrondissement de Villeray–Saint-Michel–Parc-Extension",2024-03-08T15:05:16.270000,2024-07-06T16:05:16.270000,"Eau et aqueduc","Services des communications","https://montreal.ca/alertes/avis-dinterruption-deau-rues-sainthubert-jarry-et-gounod-arrondissement-de-villeraysaintmichelparcextension-20240310094356"
"Avis d’interruption d’eau – 7360 à 7394, rue Saint-Hubert – Arrondissement de Villeray–Saint-Michel–Parc-Extension ",2024-03-08T14:55:21.103000,2024-07-06T15:55:21.103000,"Eau et aqueduc","Services des communications","https://montreal.ca/alertes/avis-dinterruption-deau-7360-a-7394-rue-sainthubert-arrondissement-de-villeraysaintmichelparcextension--20240308095653"
"Horaire spécial pour le comptoir d'accueil de l'Auditorium de Verdun, le 14/03/2024, arrondissement de Verdun",2024-03-07T17:54:23.493000,2024-07-05T18:54:23.493000,"Parcs et bâtiments municipaux","Services des communications","https://montreal.ca/alertes/horaire-special-pour-le-comptoir-daccueil-de-lauditorium-de-verdun-le-14032024-arrondissement-de-verdun-20240310115542"
"Horaire spécial pour le Centre aquatique de Rivière-des-Prairies, le 11/03/2024, arr. de Rivière-des-Prairies – Pointe-aux-Trembles",2024-03-10T16:34:35.960000,2024-07-08T16:34:35.960000,"Parcs et bâtiments municipaux","Services des communications","https://montreal.ca/alertes/horaire-special-pour-le-centre-aquatique-de-rivieredesprairies-le-11032024-arr-de-rivieredesprairies-pointeauxtrembles-20240310123644"
"Horaire spécial pour la Bibliothèque Mercier – 12/03/2024 – Ouverture à 12 h – Arrondissement de Mercier–Hochelaga-Maisonneuve",2024-03-10T18:56:40.229000,2024-07-08T18:56:40.229000,"Parcs et bâtiments municipaux","Services des communications","https://montreal.ca/alertes/horaire-special-pour-la-bibliotheque-mercier-12032024-ouverture-a-12-h-arrondissement-de-mercierhochelagamaisonneuve-20240310150342"
